Author,Gender
JushBJJ,Null
swyxio,Null
Shaunwei,Null
epicweb-dev,Null
leanprover-community,Null
yzfly,Null
rectorphp,Null
mtolly,Null
simonw,Null
scripting,Null
GoesToEleven,Null
incandescentman,he/him
LearnPrompt,Null
AdmTal,Null
pollinations,Null
fractastical,Null
hougarry,Null
TheLovinator1,Hacker af
psconfeu,Null
kyegomez,GPU
fragcolor-xyz,Null
approvals,Null
patolojiatlasi,Null
Might-Magic-Heroes-5-5,Null
kei01234kei,he/him
lilianweng,Null
aaronmcadam,Null
paralleldrive,Null
sammi-turner,she/her
anaclumos,he/him
KleinJonasUVT,Null
haseeb-heaven,he/him
jjr-dev,Null
vnijs,Null
howard9192,Null
harel-coffee,Null
lingwsh,Null
srjheam,Null
JimFawcett,Null
ScottArbeit,Null
Live-Hack-CVE,Null
nymath,Null
mlnagoya,Null
Sacha-Gonzalez-DeMuer,Null
ml4econ,Null
brando90,Null
xiangzhang1,Null
auula,he/him
codefellows,Null
lucassdantas,Null
hulefei,Null
scientist3,Null
cvilas,Null
code4lib,Null
vlcn-io,Null
Devakinandan23,he/him
Raku,Null
abusen333,Null
e-p-armstrong,Null
djplaner,Null
bit2r,Null
jiaxi0331,Null
shadowaxe99,him/himorhy
lukketsvane,Null
nathanvale,Null
thorstenbutz,Null
sbalci,Null
dhruv-ahuja,he/him
stoerr,Null
richzw,Null
nitsanavni,Null
tai-calg,Null
mariolambrette,he/him
mattfkaiser,Null
Ndivho69,Null
uallmight,Null
neel13062003,Null
al3xandru,Null
QCrypt,Null
pruekk,Null
flolbr,Null
hav4ik,Null
kkdai,Null
RicardoPinto26,Null
arben777,Null
HeinrichHartmann,Null
maguowei,Null
aaronpeikert,Null
kherrick,Null
Ostyantic,Null
technoplato,Null
baku67,Null
ARISTheGod,Null
Altafalam3,Null
eatski,Null
nothingnothings,Null
Quasi-Mind,Null
taboca,Null
finia2NA,Null
Dicklesworthstone,Null
sahuang,Null
Gipsyfine,Null
chenpx976,Null
LiuYuancheng,Null
TheNightShifters,Null
JaremaPiekutowski,Null
onefact,Null
nick,Null
kkmcgg,Null
hutanmihai,Null
gshiva,Null
yubrew,Null
tintinweb,Null
GoatWang,Null
thomasht86,Null
ineiti,Null
sparesparrow,Null
dsjeongds,Null
defgsus,Null
dgleba,Null
The-Yak-Collective,Null
enginearn,Null
chapmanjacobd,Null
LiamSwayne,he/him
BLamy,Null
Dubsado,Null
anshumancodes,he/him
AGnias47,Null
ToonTalk,Null
donggook-me,Null
okumuralab,he/him
gokul-1998,Null
ShivankK26,he/him
riya-amemiya,he/him
allaboutevemirolive,Null
vvn20206205,Null
accelazh,Null
ramidem,Null
SashaKryzh,Null
adrianfulla,he/him
mhered,Null
vanderbilt-data-science,Null
BillGPT,Null
rjkwon,Null
Denubis,he/him
XY01,Null
SpiralNuggets,Null
skececi,Null
davidpet,Null
cu-esiil-edu,Null
harishkumarforeverr,Null
joefiorini,Null
whitehorse-dev,Null
Matthijs-Gorter,Null
okarthikb,Null
behrends,Null
PaulRBerg,Null
asia-pacific-energy-research-centre,Null
pabgit,Null
farneet24,Null
Klingefjord,Null
ajcwebdev,Null
Asma-Mohsin,Null
gigamonkey,Null
dward2nd,Null
beijn,Null
AshminJayson,Null
tailcallhq,Null
boringresearch,Null
ABC-DH,Null
Daethyra,she/her
mzogheib,Null
josephofiowa,Null
hejny,he/him
dlab-berkeley,Null
pstackebrandt,he/him
alesk,Null
mx-space,Null
korlibs,Null
StudiedTurtle9,Null
shrutsureja,he/him
moyy,Null
paradite,Null
pgleamy,Null
H3yfinn,Null
danburkhol,Null
theo-armour,Null
charlesvardeman,Null
iwanhae,Null
Max-We,Null
tomohiro-sawada,he/him
chpollin,Null
clebersonp,Null
solusfacere,Null
ThatXliner,he/him
Cyma-s,she/her
Danieljoha,Null
RMITLibrary,Null
aziis98,Null
Xp101T7,Null
ScottLogic,Null
cromwellian,Null
mnechromancer,Null
ZhouNan2020,Null
suhailskhan,Null
c0m,Null
itsa-me-dea,Null
STRockefeller,Null
Vandivier,Null
AnimeshKumar923,he/him
coderfengyun,Null
GhostOf0days,Null
ethanimproving,Null
Ayushhgupta39,he/him
meganii,Null
read-with-us,Null
nitinkumar30,he/him
wtsnz,Null
wolfgangmeyers,Null
jiyuujin,Null
KevinQuantJIN,Null
DhanuvratGupta,Null
GergelyH,Null
mojafa,Null
andrewgazelka,he/him
Hayden-Slant3d,Null
Tsuuuuuuun,he/him
Sedal-A,Null
balo215,Null
kdiogenes,Null
agcorrea,he/him
stevefarra,Null
EfelerGibi,Null
ziyunli,Null
zudsniper,he/him
davbaster,Null
shinjipons,Null
tisztamo,Null
gabrielrainermlai,Null
dgcruzing,Null
hse-pr201-master,Null
Ataxia123,Null
ibtisammidlet,Null
Swizec,Null
SymonMuchemi,he/him
Seanmcn,Null
dr-neptune,Null
C0nstellati0n,Null
kzmshx,Null
vincenteof,he/him
Fpadt,he/him
jisshub,he/him
mcsadri,Null
go2coding,Null
Awildanthony,Null
roryzhengzhang,Null
arurangi,Null
arihanv,Null
boemekeld,Null
kant01ne,Null
tomjoht,Null
Brunolcb,Null
Luizio28,Null
vanjaoljaca,Null
mitmedialab,Null
cortex359,he/him
Anandkr21,Null
scarf005,Null
liusida,Null
gabiaraujoo,Null
Tanyk2004,he/him
YuheiFUJITA,Null
sutt,Null
amuldotexe,Null
janhkrueger,Null
tofergregg,Null
whisnumurtyga,Null
dandenney,Null
gantrol,he/him
r9young,Null
Juandagarc,He/Full-Stack developer
asweigart,he/him
okana2ki,Null
haraonline,he/him
vault0904,Null
BlueprintTechnologies,Null
Boudhik-Shaj,Null
marty5499,Null
teisseire117,Null
earthbound19,Null
distractdiverge,they/them
skybrian,Null
Uralstech,he/him
zyhzsh,Null
bennyp85,he/him
ikrzywda,Null
theparticleman,Null
annemarie04,Null
xiangenhu,Null
jancgreyling,Null
fltzr,Null
AcidAlchamy,Coffee Bandit 42069
johnnykfeng,he/him
endymion,Null
Gartner24,Null
jhonnynetworker,he/him
open-learning-exchange,Null
tropintropin,he/him
hellwolf,Null
Illia-the-coder,he/him
GabMoreiraSilva,he/him
oaustegard,Null
Gamer153,he/him
Gregorio-Moreta,Null
wrs225,Null
SCgeeker,Null
iamgreggarcia,Null
RengarTheRed,he/him
krafton-ai,Null
naoyafurudono,Null
timabell,Null
nobody15p,Null
HRA42,he/him
srele96,Null
microfiche,Null
vishwasg217,Null
BrysonL,Null
nikitabarskov,he/him
micro-7,Null
ryan-zheng-teki,Null
powerninja,Null
ChenKua,Null
hotsno,Null
ahmadghoniem,Null
ontoligent,Null
ikuma-hiroyuki,Null
Divide-By-0,Null
yunwei37,she/her
JustinGuan,Null
JianLoong,Null
JLarky,Null
joncutrer,Null
xsurge83,Null
pjastam,Null
xhiroga,Null
SimonWaldherr,he/him
LukasLow,Null
midzer,Null
zmaril,Null
CrivoiCarla,Null
sramalho94,he/him
dave1010,he/him
Thomas-Goillot,Null
Ashutsoh1729,Null
memelord2000880,Null
DMcP89,Null
darrensapalo,Null
pxrplehaze7,Null
pranavgupta2603,Null
stylehouse,Null
DevilPepper,Null
jairomelo,he/him
lehkost,Null
maximilienGilet,Null
LoyolaChicagoBooks,Null
sderev,Null
babbu3682,Null
jrosen48,Null
IsaacBell,Null
methmal66,Null
naoTimesdev,Null
jbuget,he/him
BloobyJoobyJoob,Null
Joralmo,Null
surtexx,Null
matansharon,Null
sablier-labs,Null
Sokole1,Null
catundchat,Null
elephantscale,Null
TheNotary,Null
matthewcorven,Null
winash1618,Null
Veldrovive,Null
przadka,Null
jonathanconway,Null
gjnance,he/him
ZhaoYitong,Null
ymtszw,Null
AryaStark13,Null
synaplabs,Null
Jerome-CM,Null
gakusyutai,Null
jabrena,Null
OpenVoiceOS,Null
SKKUFastech,Null
liyongsea,Null
relaycorp,Null
fczuardi,Null
udayhello,Null
neilenns,Null
Merxon22,Null
AVI-SHUKLA1110,Null
namu6747,Null
Shreya-R-Dixit-Memorial-Foundation,Null
Sricharan2k3,he/him
klondikemarlen,Null
ajschumacher,he/him
aahnik,Null
sachinmehta07,he/him
clojure-emacs,Null
sanjar-notes,Null
vitabletech,Null
Quran-Journey,Null
Ratescale,Null
teremterem,Null
Takuzen,he/him
ObjectVision,Null
omegaui,he/him
colinmegill,Null
dave-007,Null
joelouthan,Null
temberature,Null
anandcsingh,Null
JoynChat,Null
nlpxucan,Null
webpilot-ai,Null
numbersprotocol,Null
martyu,Null
CronCats,Null
florivdg,he/him
blonestar,Null
deep-foundation,Null
multitheftauto,Null
theonlysam,Null
LukeberryPi,he/him
JSideris,Null
ActivityWatch,Null
mpoon,Null
wizeline,Null
kroitor,Null
AIToolsLab,Null
MauriceLe,Null
enoong,Null
karpathy,Null
icecube,Null
mongulu-cm,Null
free2z,Null
oven-sh,Null
britannio,he/him
soulhighwing,Null
OpenAdaptAI,Null
SuffolkLITLab,Null
nyx-space,Null
Yukaii,Null
dantebarba,Null
openrewrite,Null
maro114510,he/him
eclipse-basyx,Null
mprib,Null
The-Poolz,Null
andrew-delph,Null
lakruzz,Null
ivpusic,Null
joaogdfaero,Null
gorillamania,Null
42Seoul-IRC,Null
Elucidation,Null
embedchain,Null
openziti,Null
paulio11,Null
yukarinoki,Null
thisismydesign,Null
alexstan67,Null
kamilwylegala,Null
welfare-state-analytics,Null
simonhamp,Null
garymm,Null
scriptit-fr,Null
anilsezar,Null
prosyslab-classroom,Null
MasterPi-2124,Null
D3Zyre,Null
albertobsd,Null
ddanielsantos,he/him
sdmcraft,Null
RavinProject,Null
grishka,Null
pionxzh,he/him
AndyGrant,Null
meltyyyyy,Null
MatrixAI,Null
pmndrs,Null
SafEight,Null
marc0l92,Null
TimCookie,Null
pemistahl,Null
JAWD-001,Null
dumpus-app,Null
internetarchive,Null
NaoyaFukuma,Null
odoo,Null
VOICEVOX,Null
jku-vds-lab,Null
TryQuiet,Null
code-in-design,Null
microsoft,Null
kukulich,Null
nuhmanpk,Null
purcell,he/him
kreait,Null
JSipley,Null
Bluefissure,Null
mgroves,Null
ArmanTheParman,Grandmaster/GM
samwho,he/him
NA-MIC,Null
calcom,Null
mpses,Null
HiroIshida,Null
fritzing,Null
hrydgard,Null
openswoole,Null
Macaulay2,Null
soykilian,she/her
Delgan,Null
GreyDGL,Null
eric-czech,Null
frontendbr,Null
PromtEngineer,Null
codegouvfr,Null
oneduo,Null
nomic-ai,Null
nextflow-io,Null
tyamap,Null
atomiks,Null
AntonOsika,Null
jefftriplett,he/him
winglang,Null
davidusb-geek,Null
virtual-labs,Null
NCATSTranslator,Null
langchain-ai,Null
Laboratoria,Null
alterbooth,Null
dobbelina,Null
take-i,Null
karthink,Null
wasfree,Null
davisyoshida,Null
jasonacox,Null
related-sciences,Null
bio-guoda,Null
profcfuhrmanets,Null
mesonbuild,Null
labdao,Null
sleepyRias,he/him
TeamCodeStream,Null
IararIV,Null
KomodoPlatform,Null
PYT-Acadamy,Null
dantebarbieri,he/him
jojazpeitia,Null
tsenart,Null
MERLTech,Null
paul-gauthier,Null
RupertBenWiser,Null
radix-vue,Null
chitalian,he/him
bbelderbos,Null
GaloyMoney,Null
aemartinez,Null
ECMaker,Null
Feijai,Null
sarcophagus-org,Null
app-sre,Null
mlhmz,Null
coderdojo-japan,Null
huseyinbagator,Null
livingbio,Null
swarmion,Null
konfuzio-ai,Null
JJConsulting,Null
Hochfrequenz,Null
netdata,Null
labd,Null
Miller-RS,Null
monarch-initiative,Null
SchemaStore,Null
nbd-wtf,Null
prgrms-be-devcourse,Null
bloxapp,Null
jst-seminar-rostlab-tum,Null
RND247,Null
arrocke,Null
tic-oss,Null
temporalio,Null
roslinmahmud,Null
ykdojo,Null
mcagov,Null
gcarlos64,Null
SWM14-Architect,Null
hoshotakamoto,Null
reworkd,Null
qin-team-recipe,Null
kudoai,Null
Wissididom,he/him
ubiquity,Null
SSWConsulting,Null
lcompilers,Null
daydule,Null
laravel-json-api,Null
citusdata,Null
ryoikegata,Null
Altinity,Null
Ayahiro-Inatsugu,Null
StreamSG,Null
cucumber,Null
ggerganov,Null
telosnetwork,Null
lfortran,Null
wafflestudio,Null
dust-tt,Null
HinanoOno,Null
unoplatform,Null
dwyl,Null
OSRSB,Null
databrickslabs,Null
kazuki1023,he/him
CodeIntelligenceTesting,Null
TodePond,Null
picobyte,he/him
Theta-Limited,Null
snapshot-labs,Null
torrust,Null
rails,Null
jhipster,Null
astahmer,Null
mdn,Null
dotCMS,Null
energietransitie,Null
binary-com,Null
fscarmen2,Null
roboflow,Null
nickbabcock,Null
sashabaranov,Null
openai,Null
4dn-dcic,Null
wahanegi,Null
gravitational,Null
decred,Null
mindee,Null
p3ob7o,he/him
OKinane,Null
veevyo,Null
Hack23,Null
mgalgs,Null
kevinveenbirkenbach,Null
aifenxiang19,Null
saimonmoore,Null
elouanb7,Null
scottatron,he/him
Loknar,Null
damus-io,Null
DuarteSerrao,he/him
Atulaya123,Null
eodinzov94,Null
GillyRabutTsurwa,Null
gearboxworks,Null
cwerdna19,Null
orgs,Null
dtch1997,Null
sugi-01096,Null
amichai-bd,Null
Significant-Gravitas,Null
martinrotter,Null
garronej,Null
Cyfrin,Null
spatie,Null
HaroldMitts,Null
gioxx,he/him
kajirikajiri,Null
xv44586,Null
IoLanguage,Null
CreatorsDAO,Null
DoTheBestMayB,Null
OpenSMTPD,Null
azimuth-project,Null
DirectoryTree,Null
uuid6,Null
Hamza-Eng,Null
jimfergusondev,Null
manticoresoftware,Null
santosomar,Null
arikwex,Null
toshi-nao,Null
moom0o,Null
FahimMontasir,Null
2Abendsegler,Null
ArtLabss,Null
Open-MSS,Null
Bgorson,Null
Fredkiss3,he/him
Revopoint,Null
juicity,Null
hackforla,Null
nestoca,Null
Stivaros,Null
n-koga96,Null
skrub-data,Null
osmosis-labs,Null
Ludeon,Null
rust-lang,Null
fragmede,it
ALittleLight,Null
moffkalast,Null
nnechm,Null
shakes,Null
stan_kirdey,Null
agonz253,Null
pmarreck,Null
avereveard,Null
xwowsersx,Null
DesaiAshu,Null
coder543,Null
BoorishBears,Null
pseudosavant,Null
itissid,Null
redgeoff,Null
josephg,Null
Kim_Bruning,Null
chillee,Null
Eisenstein,Null
nfriend,Null
europeanNyan,Null
RC_ITR,Null
croddin,Null
coding123,Null
madacol,Null
bakje,Null
r3trohack3r,Null
lhl,Null
airgapstopgap,Null
nomel,Null
eigenvalue,Null
renewiltord,Null
theptip,Null
abc_lisper,Null
tdstein,he/him
gardenhedge,Null
rahimnathwani,Null
frankohn,Null
mritchie712,Null
Jimmc414,Null
ClassyJacket,Null
arthurcolle,Null
miahwilde,Null
yamrzou,Null
rchaves,Null
Herring,Null
IanCal,Null
Implicated,Null
staticman2,Null
PerryCox,Null
Mippie,Null
og_kalu,Null
Sai_,Null
jiggawatts,Null
mmcnickle,Null
logicallee,Null
samstave,Null
Karunamon,Null
jtmoulia,Null
joebiden2,Null
promiseofbeans,Null
wilg,Null
pinkcan,Null
daneel_w,Null
dsQTbR7Y5mRHnZv,Null
altilunium,Null
shever73,Null
flatiron,Null
Sparkenstein,Null
ankitg12,Null
onemiketwelve,Null
mewmew07,Null
chx,Null
dwaltrip,Null
admtal,Null
bigmattystyles,Null
sytelus,Null
gcuth,he/him
hanselot,Null
remuskaos,Null
yawnxyz,Null
Cloudef,Null
rendx,Null
imposter,Null
anotherhue,Null
easygenes,Null
ctoth,Null
sparkatlman,Null
benatkin,Null
ChaitanyaSai,Null
robbrown451,Null
muzani,Null
godelski,Null
tipsytoad,Null
gerdesj,Null
Curzel,Null
veidr,Null
fuzzybear3965,Null
billwear,he/him
cwillu,Null
wfhBrian,Null
isoprophlex,Null
Filligree,Null
shagie,Null
RheingoldRiver,Null
sillysaurusx,Null
xcv123,Null
dtagames,Null
cj,Null
gtirloni,Null
decodingchris,Null
millon,Null
rcarr,Null
dbtc,Null
halgir,Null
tartakovsky,Null
hliyan,Null
michaelsbradley,Null
williamcotton,Null
wskish,Null
earksiinni,Null
kmod,Null
snerbles,Null
kayge,Null
wmeddie,Null
Jack000,Null
RayVR,Null
ericb,Null
informatimago,Null
irthomasthomas,Null
ta_u,Null
kolinko,Null
twright0,Null
PeterStuer,Null
bestinterest,Null
akiselev,Null
Zakuzaa,Null
sdwr,Null
e1g,Null
a1j9o94,Null
obiefernandez,Null
ckardat123,Null
heyzk,Null
ocademy-ai,Null
Pioreactor,Null
TobiasMue91,Null
duffney,Null
m2lines,Null
JohnVersus,Null
gamepayy,Null
box-projects,Null
try-to-fly,Null
Entoma1824,Null
DevJobalia,he/him
FinickySpider,Null
wangack,Null
Thomas-Basham,Null
Syaamilmaulana256,he/him
koriym,Null
FelipeRomao,Null
joyja,Null
weberankit,Null
coderoyalty,he/him
mae-su,she/her
DanielFabioG,Null
stonkpunk,Null
simbafs,Null
kishikawakatsumi,Null
lineality,Null
AttentionX,Null
tenetxyz,Null
shubham-karale,he/him
sunnyRavindra,Null
Janny221199,Null
nikitalogos,Null
LeGoLus,Null
sbogucki12,Null
komiljonovshohjahon,Null
kiarie404,Null
mattim0use,Null
okikio,Null
andywangevertz,Null
maov19,Null
mingxiaomichael,Null
Babak-73314,Null
whong09,Null
EriaWist,Null
mehrshadFarzaneh,Null
DudeFr0mMars,Null
mingjunlu,he/him
silentpatrik,haxx0r
sinalalebakhsh,he/him
bartonfriedland,Null
phpList,Null
storrer,he/him
JohT,Null
bh679,Null
fabricesemti80,Null
MarekLew,Null
REReal8,Null
HolyBarrel,Null
mapi223,Null
PrivateBin,Null
Buildstarted,Null
The-Art-of-Hacking,Null
ChenYilong,Null
shazow,Null
roc-lang,Null
newfyu,he/him
IgnacioBarocchi,Null
squishedfox,he/him
open-format,Null
nicmons,he/him
poetrilin,Null
ideabrian,he/him
chalalot,he/him
Archanciel,Null
HLHHS11,Null
VexMihir,he/him
newclarity,Null
Alot1z,Null
pacman100,Null
mdonze,Null
amitkgupta,Null
petrusceles,he/him
AlexRogalskiy,Null
diohabara,Null
MaxiSantos,Null
EltonLunardi,Null
MaxHalford,Null
152334H,Null
birkenkrahe,Null
NateAGeek,Null
orange-fritters,Null
a5creel,she/her
Azathothas,Null
wjxts,he/him
vanjs-org,Null
EmanuelCampos,Null
hacker-prime,Null
ajubin,Null
flancia-coop,Null
Anukulbanjade,Null
YuSitong1999,he/him
WFRCAnalytics,Null
git-lfs,Null
privatenumber,Null
Bisllly,he/him
rane254,Null
bestian,he/him
breatheco-de,Null
furuhashilab,Null
posix4e,Null
ballerina-platform,Null
sillsdev,Null
camdotcom14,Null
zhyunk,Null
erikengervall,Null
facebookresearch,Null
orkestral,Null
ookunirina,Null
NVlabs,Null
webtorrent,Null
continuedev,Null
CraneSoftwrights,Null
Ken-Watson,Null
andykamp,Null
pedroslopez,Null
comfyanonymous,Null
danny-avila,Null
PostHog,Null
fnordpiglet,Null
jamilton,Null
spaceprison,Null
thibautg,Null
leokeba,Null
015a,Null
jrvieira,Null
evrydayhustling,Null
moritzwarhier,Null
jereees,Null
messe,Null
spcebar,Null
courseofaction,Null
Y_Y,Null
jdiff,Null
mustacheemperor,Null
tech_ken,Null
franciscop,Null
astrange,Null
mcintyre1994,Null
sebmellen,Null
kevinmchugh,Null
hersko,Null
redox99,Null
mjburgess,Null
Smaug123,he/him
personjerry,Null
semessier,Null
ryanjshaw,Null
ZephyrBlu,Null
rvcdbn,Null
felipemesquita,Null
QRTaxi,Null
Email-Generation,Null
zkSNACKs,Null
dswcodes0,Null
gradio-app,Null
bytedeck,Null
_flux,Null
sarthak-ag,Null
inconfident2021,Null
thatxliner,he/him
e12e,Null
seanhunter,Null
bravura,Null
alexander2002,Null
progrus,Null
33a,Null
podman,Null
cvzakharchenko,Null
celestiaorg,Null
Agenta-AI,Null
eric-volz,Null
sqitchers,Null
tomcl,Null
OpenPluginACI,Null
OpenAccess-AI-Collective,Null
mostypc123,he/him
Cerlancism,Null
Imageomics,Null
inertiajs,Null
akorb,Null
hlxsites,Null
smartstore,Null
autorope,Null
LA3D,Null
wilkox,Null
nunomourinho,Null
tracyhenry,Null
lostmygithubaccount,he/him
fbc-one,Null
uguisu-an,Null
zaptele,Null
infiniterik,he/him
Simonwzm,Null
wwj718,Null
purpleslurple,Null
tanvisharma,Null
MaidulHasan,Null
hmbemba,Null
trevbook,Null
CipherGirl,Null
hendrixgg,Null
lfarroco,Null
JustRedTTG,she/her
shahul01,Null
minecraftteet,Null
vaibhavkapase1302,Null
dieter4902,Null
PDillis,Null
luismartinezkyb,he/him
KioshiOkh,Null
SCCWRP,Null
meisZWFLZ,Null
ShlokDesai33,he/him
stuartwaller,Null
AttilaVM,Null
jacobwood27,Null
alex-alra-arteaga,Null
kyaorin,Null
wehnsdaefflae,Null
andrew-healey,Null
danecjensen,Null
johnkueh,Null
francecil,Null
johnpolacek,Null
atuinsh,Null
operand,Null
netket,Null
UIUC-Chatbot,Null
airbytehq,Null
bcmi,Null
zcash,Null
AnKing-VIP,Null
AceCentre,Null
jaredhanson,Null
IfcOpenShell,Null
LikeLion-at-DGU,Null
open-spaced-repetition,Null
swc-project,Null
derpierre65,he/him
Laravel-Backpack,Null
qlands,Null
kamaradclimber,Null
stlatica,Null
mik3y,Null
ioccc-src,Null
quarto-dev,Null
changchiyou,Null
jordanbell2357,he/him
jdustinwilliams,Null
SupraSensum,Null
poki,Null
naomiajacobs,Null
RSamaium,Null
ddev,Null
ParthRatra,Null
RobertoPatino1,Null
one-data-cookie,Null
RamVasuthevan,Null
lukas-krecan,Null
waptug,he/him
fw6,he/him
learn-anything,Null
cu-esiil-edu-private,Null
BlastLauncher,Null
Diego-CB,he/him
pixelOneZero,Null
AlbertSchiemann,Null
Shuta-syd,Null
dribnet,Null
sechmo,Null
Krishna4802,he/him
acmiyaguchi,Null
rishmi5h,Null
pheuter,Null
fokklz,he/him
yaya2devops,he/him
khgiddon,Null
jiaopengli,Null
felleg,Null
mchung03,Null
kognetiks,he/him
birkin,ze/zir
puru-soni-04,Null
bryanschmidty,Null
calaldees,Null
revfactory,Null
atomoiaga,Null
tuckersn,Null
israellev,Null
ahsan-chy,Null
FlorianWoelki,Null
xebia-functional,Null
bancaditalia,Null
FixMyBerlin,Null
millwheel,he/him
MrNeRF,Null
faker-js,Null
KudoAI,Null
PolicyEngine,Null
tough,Null
hp6,Null
_______W_______,Null
stevenjgarner,Null
jhoelzel,Null
ceejayoz,Null
pmayrgundter,Null
spixy,Null
ojosilva,Null
daeuniverse,Null
mlc-ai,Null
aiplanethub,Null
Sambath-Kumar-M,Null
tinygrad,Null
metaphorsystems,Null
MikaelJG,Null
plantoncloud,Null
vueuse,Null
Matejkob,he/him
ICESat2-SlideRule,Null
OpenSourceHelpCommunity,Null
Xenon2k7,Null
eniehack,he/him
runt1me,Null
desenvolvendo-me,Null
milostosic,Null
dsnobes,Null
SkalskiP,Null
knowledgesystems,Null
harryallerston,he/him
elliotrichh,Null
codereport,he/him
vpavlenko,he/him
Blue-Pilkinton-Ching,he/him
markd315,Null
andracs,Null
coding-dojo-data-science,Null
rexdouglass,Null
Nishant-Jain-Codes,Null
zeke,he/him
jiansim03,Null
hu-po,Null
noahhertlein,he/him
unconv,Null
JCharante,Null
FONDECYTACC,Null
hsjkdss228,Null
RMI,Null
tailcornhub,Null
1effortlessness,Null
Karlroxas21,he/him
rumman-adnan,Null
chilang,Null
caryden,Null
f-lab-edu,Null
finsterniz,Null
Lucky19112002,he/him
Yumenoumi,Null
Comic-Racoon,he/him
askthecode,Null
isawall317,Null
xxai-art,Null
joelfuelling,he/him
JannemanDev,Null
hanselpetter,Null
petterobam,Null
aicell-lab,Null
HealthSamurai,Null
sampolgar,Null
MateuszNaKodach,Null
Debashis26,Null
sheisol310,Null
anthoak13,Null
ZebaRobert,Null
kemeny,Null
neagle,Null
pbear2k23,Null
mutant,Null
nsoonhui,Null
xihajun,Null
benphelps,Null
json-schema-org,Null
DovieW,Null
bra1nDump,Null
harupy,he/him
maxoja,Null
marcusziade,Null
yeu-github,Null
pupilfirst,Null
fredyk,Null
Gizra,Null
CodeConnoisseur74,Null
brucestull,Null
gitonomy,Null
kaist-cp,Null
ianarawjo,Null
johann-wagner,he/him
bitcoin,Null
tulios,Null
dbochicchioasclepyus,Null
jbellis,Null
X3msnake,Null
multi-imcookie,Null
eshreyareddy,Null
asaskevich,Null
NixOS,Null
SharezoneApp,Null
esag-swiss,Null
rajatkantinandi,he/him
23-OSSCA-python-mysql-replication,Null
scania-digital-design-system,Null
darklang,Null
WordPress,Null
DjangoPeng,Null
baseplate-admin,Baseplatisphere
KenesuEXE,Null
yuvalnissim,he/him
jcarter62,Null
granludo,Null
masc-ucsc,Null
dactechie,Null
Aagam0812,he/him
RunnningDogg,Null
adafruit,Null
worldbank,Null
rgpass,he/him
AstridRamosRolon,she/her
VE7LTX,he/him
alvaretto,Null
sinotec2,Null
lightward,Null
Kishikawa1286,he/him
kotharisanjana,Null
JianJroh,Null
thorgeir93,Null
Dhanasree-Rajamani,she/her
JasonGross,he/him
mwmeyer,Null
ChirudeepG,Null
mundorfd,Null
mhenriette,she/her
CNAG-Biomedical-Informatics,Null
humblehacker,Null
yourSrijit,he/him
byronwall,Null
jianzhnie,Null
jseguillon,Null
nkpro2000,Null
chaitanyagawande,Null
HarshithAkkapelli,Null
hcoco1,he/him
adnjoo,Null
mujud,Null
AtharvaJadhav,Null
richdrummer33,Null
tkgally,Null
adelist,Null
hboon,Null
synthoidzeta,Null
mrcwinn,Null
westurner,Null
Finbarr,Null
obscur,Null
column,Null
winksaville,Null
ElectricRCAircraftGuy,he/him
tokitou-san,Null
rahulbansal16,Null
10-Kirito,Null
signalwerk,he/him
hollywoodpanda,Null
BrianTipton1,Null
sanket-ghodake,Null
bcebel,he/him
a13ks3y,Null
jackonedev,Null
aGrellard,Null
Jynxzzz,she/her
www-dayin,Null
dentropy,Null
PacktPublishing,Null
kieryn,Null
Sean-Shmulevich,Null
yipkaiwing,he/him
kstost,Null
jasperagus,Null
veramolabs,Null
ngshaohui,Null
dtudk,Null
Muziyu888,Null
Davi-S,Helic?ptero de combate AH-2 Sabre cromado
kolynzb,he/him
qemqemqem,Null
ju-nmd2021,Null
wey-gu,Null
yotamaruyama,Null
Sashimimeow,she/her
examind-ai,Null
FourtyThree43,Null
ceumicrodata,Null
grnpin,Null
waylon620,he/him
pbrudny,he/him
ymerkos,Null
gama-platform,Null
Tommie1236,Null
ariel1985,Null
mouyase,Null
mccaffary,Null
micartey,Null
Richie-Lee,Null
RobotsBuildingEducation,Null
Sync-Space-49,Null
slark-prime,Null
zsviczian,Null
openactive,Null
yzpocket,Null
Glavin001,Null
hl7-be,Null
chdb-io,Null
kepano,Null
patchthecode,Null
Scaia-ai,Null
BiglySoftware,Null
PMunch,Null
prgrms-fe-devcourse,Null
Azure,Null
UW-Upwelling-Project,Null
ZoeLeBlanc,she/her
cataclysmbnteam,Null
Maagan-Michael,Null
TechnoTOG,he/him
transloadit,Null
KilianFt,Null
opensearch-project,Null
jawordpressorg,Null
gorenb,Null
viraptor,Null
spdustin,Null
rastapasta42,Null
DonHopkins,Null
benbreen,Null
fassssst,Null
churchill,Null
selalipop,Null
ddol,Null
klohto,Null
ColinWright,Null
kristofferR,Null
federalbob,Null
dusted,Null
diimdeep,byte/bytes
keepamovin,Null
4lejandrito,Null
Hajaradnan,she/her
unknowntpo,Null
KaiMaffucciURI,Null
bulatkhu,Null
CPSC-1520,Null
PyBites-Open-Source,Null
VoxturTijmen,Null
larrywright,Null
dbt-labs,Null
TurboWarp,Null
repeatingbeats,Null
sqlalchemy,Null
zzzeek,Null
brennoflavio,he/him
chaos-jetzt,Null
Cissucalris9,Null
huangyinhaow,Null
Gordoxmon,Null
Zrips,Null
gethomepage,Null
nv-morpheus,Null
community,Null
hmatuschek,Null
Data4DM,Null
validatorjs,Null
magnifiq,Null
rom-py,Null
whatwg,Null
expresstechsoftware,Null
polywrap,Null
datastax,Null
justinjeong5,Null
pwncollege,Null
DogeisCut,Null
WalletConnect,Null
sCrypt-Inc,Null
huozhi,Null
bogpad,Null
amidaware,Null
rancher-sandbox,Null
c4dt,Null
pyspark-ai,Null
BenGriffith,Null
alteryx,Null
erobitschek,Null
aepaysinger,Null
Siv3D,Null
hyprwm,Null
nylas,Null
rhysmorgan134,Null
mongo-express,Null
ldez,Null
NotEnoughUpdates,Null
cleanlab,Null
MERLCenter,Null
pydata,Null
viets-software-club,Null
kolibril13,Null
alcionai,Null
toptal,Null
theosanderson,Null
pass-culture,Null
rehypejs,Null
autowarefoundation,Null
adobe,Null
ak--47,Null
KillianLucas,Null
apify,Null
nomi-sec,Null
lroolle,Null
Aardvark-team,Null
limcheekin,Null
MicheleBellitti,Null
elipousson,Null
kaushalrathi24,Null
ShubhamSukum,Null
barefootcoder,Null
khulnasoft,Null
offseat,Null
kavindu-prabhashitha,Null
FinsureConsulting,Null
xirong,Null
HorowitzR,Null
sieu-n,Null
Marconi-Soares,Null
Kafuuaki,Null
npchauanh,Null
OneAimlessRobot,Null
seanmcn,Null
mmasias,he/him
JimLiu,Null
c4fiber,he/him
jakobbohem,Null
VaibhavDabral11,he/him
jmacenka,Null
shernee,Null
LelsersLasers,he/him
agile-learning-institute,Null
knotgrass,he/him
data-sy,Null
RAHUL-KAD,Null
iksarfo,Null
haukelicht,Null
EGAdams,Null
1766left,Null
conor-digan,Null
PROJECT-SLASIC,Null
yashtechbuddy,Null
bweissmann,Null
jshmrsn,Null
efatsi,Null
crnjaja,Null
sanjaybhargavm,Null
usopp-sama,he/him
soumyendra98,Null
cabeard21,Null
HKJL10201,Null
ToddKlindt,Null
Chaitra-B-V,she/her
Ananya-AJ,Null
ClaudiuBogdan,he/him
ravitejareddy-dodda,Null
dudung,Null
javier1234559,Null
CrushedPixel,Null
ekliao,he/him
yeskaydee,he/him
Masum06,Null
michaelmusty,he/him
attoyibi,Null
jbisbee1,Null
taroyabuki,Null
HengYuh,Null
pafry7,Null
KristianWede,Null
tanker327,Master Builder
heryxpc,he/him
SiobhanCrothers,Null
kaar,Null
cg20231c,Null
maligireddytanujareddy,Null
real-jiakai,he/him
OubaidaAkilan,Null
reiarchive,Null
rlevy,Null
Sven72,Null
AbrahamKong,Null
matijas-05,Null
williamedwardhahn,Null
GeleVla,Null
Zhaiyuqing2003,he/him
mikeschinkel,Null
panzerstadt,Null
ngyvc,Null
HarikaSatti06112001,Null
victorouse,Null
McCambley,Null
asteriskzie,Null
tjukic,Null
KevinNitroG,he/him
DharunRaju005,Null
githubpsyche,Null
nanshaqundao,Null
607011,Null
asiakay,Null
chang4oh,Null
DHoffmannOVGU,Null
BlackHC,Null
heetbeet,Null
MalikKtK,Null
cpeukert,Null
xuangu-fang,Null
marcjaskir,Null
CollOfTheWild,Null
ReneMarceau,Null
AviadKa,Null
isavita,Null
GRoobArt,Null
apurv101,Null
adunyt,Null
rchi8,Null
0x79de,Null
garymarkfuller,he/him
ariesharry,Null
tokitouq,Null
QTIM-Lab,Null
fireproof-storage,Null
hyginn,Null
autodistill,Null
oLd-Y,Null
osome-iu,Null
movileanuv,Null
soymadip,otaku
eisBlume0901,she/her
herson-xyz,Null
Tanaykmr,Lord/Sir
root123-bot,he/him
jeaubin,Null
frostbitten,Null
ibomash,he/him
pepcape,Null
yetianlinguistics,Null
martin2097,Null
NithishNithi,Null
Jim876633,Null
AdityaKulkarni,Null
aditipatil0711,she/they
sidsanc,Null
GeekyWizKid,he/him
FranzCastillo,he/him
judacas,Null
GuyKawaii,Null
Djmcflush,Null
schrockwell,Null
Wenlab,Null
joshuasorkin,Null
dgilleland,Null
alexmolas,Null
Lyfhael,Null
mye,he/him
ThiagoMassenoMaciel,he/him
vramana,Null
raesene,Null
andrewm4894,Null
ErikBjare,vi/vim
EmbraceAGI,Null
hitz-zentroa,Null
afederici75,he/him
ZSuiteTech,Null
NyteOwlDave,he/him
rolisz,Null
ultrman-seven,Null
joshl-ee,Null
buildcheck,Null
Vindaar,Null
Yoyolick,Null
msull,Null
rajp152k,Null
TomasZwinkels,Null
meyresearch,Null
PoignardAzur,Null
rumca-js,Colonel
andreldeod,Null
CalvinHaynes,he/him
Awyugan,he/him
splendidcomputer,Null
timgianitsos,Null
zumatt,he/him
BEE4750-FA23,Null
bildung6,Null
dancodedotorg,Null
Braeden6,Null
YuMingC233,Null
philippetavernier,Null
robert-marik,Null
jimhalverson,Null
Neural-Dragon-AI,Null
lonePatient,Null
Jowiam,Null
rocksun,Null
Lander4K,he/him
JAmcevoy,Null
Lanxiangvermeulen,she/her
caseywschmid,Null
radexperts,Null
lainisourgod,Null
JethroReeve,Null
rudeboybert,Null
kokoichi206,Null
mahmoudharding,Null
peggy1502,Null
TomoeMami,Null
2n-1,Null
sfchronicle,Null
odu-cs625-datavis,Null
jaychempan,Null
earthlab-education,Null
Andre-Pham,Null
AmirhosseinOlyaei,Null
viniciusdvieira,he/him
samstevenm,Null
orwithout,Null
UBIG-co-id,Null
OdyAsh,Null
remember00000,Null
franfram,Null
PaarasPurohit,Null
JeremyEngram,Null
pingdior,Null
cartwatson,he/him
joaoVictorBAlves,Null
jjharoll,Null
FatimaOElfar,Null
LeanerCloud,Null
sil-ai,Null
colin-fraser,Null
AsaCooperStickland,Null
katherinedorfman,Null
keli-wen,Null
alecsharpie,Null
AhmadHdr,he/him
ken2403,Null
jentasomdanser,Null
brianjo25,Null
Siphon880gh,Null
404-unfound,Null
AUGMXNT,Null
joel99,Null
i-a-n,Null
luisfromero,Null
callmephilip,Null
etsuDummy,Null
destefani,Null
datainworld,Null
frietz58,Null
nitin-787,Null
conradbez,Null
Jalalhejazi,Null
dmage,Null
jehyunlee,Null
RongkangXiong,Null
EvoEvolver,Null
k4n9jun3,Null
HOT-Ecosystem,Null
itsderek23,Null
avoss22,Null
HHH-CHN17,Null
wzrdd,Null
thku8507,he/him
ShogoHirasawa,Null
CitizensFoundation,Null
arakoodev,Null
JCKalt,Null
HimankAtl,Null
tran-the-lam,Null
mobile-dev-inc,Null
yoheinakajima,Null
SoftwareCornwall,Null
jupediaz,Null
VU-Code-For-Good,Null
sadevana,Null
kubesail,Null
frizman21,Null
The-OpenROAD-Project,Null
corbin-hayden13,Null
enricoros,Null
sleuthkit,Null
Bootstrap-Academy,Null
linkml,Null
danielsgriffin,Null
SebChw,Null
scruel,Null
Analyticsphere,Null
agronholm,Null
bioshazard,Null
alephmatic,Null
YukiWatanabe824,Null
hrsh7th,he/him
niwanowa,Null
pedrocarvalhoaguiar,Null
orhun,Null
RudjiGames,Null
juaml,Null
SDU-SE2023-G6,Null
skyturkish,Null
larryhudson,he/him
christofmuc,Null
kaonasi-biwa,Null
Guirw7,Null
techjay-c,Null
ismayc,he/him
TechNickAI,Null
sky-unlimited,Null
usebruno,Null
axjasf,Null
tkancf,Null
yairm210,Null
AerithForge,Null
HumanCompatibleAI,Null
huggingface,Null
cyd01,Null
violentmonkey,Null
elfmz,Null
