URL,Status,MentionedURL,MentionedSource,MentionedProperty,MentionedAuthor
https://chat.openai.com/share/53b38605-68e5-4922-81fe-e4588fb28d8a,200,https://github.com/JushBJJ/Mr.-Ranedeer-AI-Tutor/blob/024901492a40d2c12e4aa23fb6104385a436ff90/README.md,code file,code,JushBJJ
https://chat.openai.com/share/bb0d35d9-0239-492e-9ec2-49505aae202b,200,https://github.com/JushBJJ/Mr.-Ranedeer-AI-Tutor/blob/024901492a40d2c12e4aa23fb6104385a436ff90/README.md,code file,code,JushBJJ
https://chat.openai.com/share/a4336af0-6faa-4ffb-b5b0-a3bd7ef8f3aa,200,https://github.com/swyxio/ai-notes/blob/cc14012398f953723a31a67e8438e8efdd2a514d/Resources/ChatGPT%20Code%20Interpreter%20Capabilities.md,code file,code,swyx
https://chat.openai.com/share/38301a21-bf09-4274-848b-b9cd5523d461,200,https://github.com/swyxio/ai-notes/blob/cc14012398f953723a31a67e8438e8efdd2a514d/Resources/ChatGPT%20Code%20Interpreter%20Capabilities.md,code file,code,swyx
https://chat.openai.com/share/770ab170-8fed-402f-850f-e6d7273e77cd,200,https://github.com/swyxio/ai-notes/blob/cc14012398f953723a31a67e8438e8efdd2a514d/Resources/ChatGPT%20Code%20Interpreter%20Capabilities.md,code file,code,swyx
https://chat.openai.com/share/adc73608-4c80-497b-ad03-31de28bfa919,200,https://github.com/swyxio/ai-notes/blob/cc14012398f953723a31a67e8438e8efdd2a514d/Resources/ChatGPT%20Code%20Interpreter%20Capabilities.md,code file,code,swyx
https://chat.openai.com/share/a2a213c7-cb1e-441e-a651-129333fefb72,200,https://github.com/Shaunwei/RealChar/blob/09ecc65b188746c2f2125506a5cf60c27c81b0d7/realtime_ai_character/character_catalog/How_to_make,code file,code,pycui
https://chat.openai.com/share/73f29bc2-bbfe-43f1-a3a7-a3ce82a299c3,200,https://github.com/Shaunwei/RealChar/blob/09ecc65b188746c2f2125506a5cf60c27c81b0d7/realtime_ai_character/character_catalog/How_to_make,code file,code,pycui
https://chat.openai.com/share/cc0eb433-9bc0-48ea-861a-dfc7ed5acf43,200,https://github.com/epicweb-dev/epic-stack/blob/008f756323abb28053f2786341b4dd109de5ad43/docs/decisions/012-cuid.md,code file,code,kentcdodds
https://chat.openai.com/share/e0363ebf-ed6f-4fd8-9b76-ebf422ed9f62,200,https://github.com/leanprover-community/mathlib4/blob/61fc05bca210b556703c897004b5a03fca41fb7b/scripts/align-import.py,code file,code,urkud
https://chat.openai.com/share/658ae712-43f8-4c4e-ba39-ce0ca50d9b97,200,https://github.com/yzfly/LangGPT/blob/7a6febdd926033a7693a8d574350c100d961ff7c/README_zh.md,code file,code,yzfly
https://chat.openai.com/share/a9e4fb74-5366-4c4c-9998-d6caeb8b5acc,200,https://github.com/rectorphp/rector/blob/07dd65650f09d440fd0d75bffcc7ed1c35b87fda/rules/TypeDeclaration/Rector/ClassMethod/NumericReturnTypeFromStrictScalarReturnsRector.php,code file,code,TomasVotruba
https://chat.openai.com/share/448133aa-c96f-40e9-8b2f-2972365a5243,200,https://github.com/mtolly/onyxite-customs/blob/4a75fc13a90a2ef821108af2030bc8429ab96d4e/scripts/reaper/talkies.lua,code file,code,mtolly
https://chat.openai.com/share/2fd78ddd-ad7d-4e3d-be4b-31efe79a65da,200,https://github.com/simonw/til/blob/8530ae421baa18199a493c17708b20adc60c43f7/gpt3/picking-python-project-name-chatgpt.md,code file,code,simonw
https://chat.openai.com/share/6ce97dcb-7023-48c8-ac8c-8bac467a56b5,200,https://github.com/scripting/Scripting-News/blob/6be31c45900cf415d25d68cca91d4aaa990a6e7a/blog/pages/2023/05/31.html,code file,code,scripting
https://chat.openai.com/share/6cb2b004-4cfa-4aad-a2d8-47b0eacd36dd,404,https://github.com/GoesToEleven/learn-to-code-go-version-03/blob/b3ee6668799950b91659c8b021115b254456910a/117-map-count-words/main.go,code file,code,GoesToEleven
https://chat.openai.com/share/03a44e91-fc0d-4cdb-884a-c8acd8f440d8,404,https://github.com/GoesToEleven/learn-to-code-go-version-03/blob/b3ee6668799950b91659c8b021115b254456910a/117-map-count-words/main.go,code file,code,GoesToEleven
https://chat.openai.com/share/255cbba9-238a-4b8c-ae8e-76a2aadf70fe,200,https://github.com/incandescentman/Emacs-Settings/blob/93a8171714759caf6b76bed67725214409ba85e3/shared-functions.org,code file,code,incandescentman
https://chat.openai.com/share/72f09df0-30a2-4464-803a-928b2d0f65d0,200,https://github.com/LearnPrompt/LearnPrompt/blob/128a73003f51ea9aa6e7aefecb0db03094f1f374/blog/2023-06-13-news.md,code file,code,LearnPrompt
https://chat.openai.com/share/013dc581-f31b-40bb-b4e3-394bc77b39f8,200,https://github.com/AdmTal/chat-gpt-games/blob/a67ab9040326c888c388db43e7eaf139ae7b11d8/readme.md,code file,code,AdmTal
https://chat.openai.com/share/d24ce24f-283a-4f76-bacb-6e0740c234a1,200,https://github.com/pollinations/pollinations/blob/914be0fd1393ca46d0345af5ce76c8b5b97e39cb/app/src/pages/Home/Hero.js,code file,code,voodoohop
https://chat.openai.com/share/37be0c6e-54d5-4f57-928e-c34bfe95243b,200,https://github.com/fractastical/etherea/blob/37e753fdb90721141740c3f5b2d036d675ef3397/my_terms.md,code file,code,fractastical
https://chat.openai.com/share/3a9a6c68-f1a2-410a-8f81-358fd06e3630,404,https://github.com/hougarry/Mr.Gee-Your-AI-Language-Bot/blob/dd2584f75be329428bf56cb82108f8ef0aef5744/README-JP.md,code file,code,hougarry
https://chat.openai.com/share/ac7a769a-696f-447a-b123-a3e8ee585858,200,https://github.com/hougarry/Mr.Gee-Your-AI-Language-Bot/blob/dd2584f75be329428bf56cb82108f8ef0aef5744/README-JP.md,code file,code,hougarry